<?xml version="1.0"?>
<?xml-stylesheet type="text/xsl" href="verPreguntas.xsl"?>
<assessmentItems>
	<assessmentItem complexity="2" subject="Web">
		<itemBody>
			<p>Tag HTML para a&#xF1;adir un formulario</p>
		</itemBody>
		<correctResponse>
			<value>
				FORM
			</value>
		</correctResponse>
	</assessmentItem>
		<assessmentItem complexity="4" subject="Internet">
		<itemBody>
			<p>Este protocolo acabar&#xE1; funcionando 
			incluso entre dos latas unidas por un cord&#xF3;n</p>
		</itemBody>
		<correctResponse>
			<value>
				TCP/IP
			</value>
		</correctResponse>
	</assessmentItem>
<assessmentItem complexity="5" subject="TEMA TEMA TEMA"><itemBody><p>TESING?</p></itemBody><correctResponse><value>TESTING@?????</value></correctResponse></assessmentItem></assessmentItems>
